Norsk,English,Forms,Type,Synonyms,Antonyms,Category
alkohol (en),alcohol,SG: (U) en alkohol (D) alkoholen · PL: (U) — (D) —,NOUN,sprit (liquor),alkoholfri (alcohol — free),Food
alkoholfri,alcohol — free,(M/F) alkoholfri · (N) alkoholfritt · (PL) alkoholfrie,ADJECTIVE,—,—,Food
bacon (et),bacon,SG: (U) et bacon (D) baconet · PL: (U) — (D) —,NOUN,—,—,Food
bad (et),bathroom; bath,SG: (U) et bad (D) badet · PL: (U) bad (D) badene,NOUN,baderom (bathroom),—,Home
bagasje (en),baggage; luggage,SG: (U) en bagasje (D) bagasjen · PL: (U) bagasjer (D) bagasjene,NOUN,kofferter (suitcases),—,Travel
bake (å),to bake,V2 — TE: (PR) baker · (PT) bakte · (PF) har bakt,VERB,steke (to fry/roast),—,Food
bakgård (en),backyard; back court,SG: (U) en bakgård (D) bakgården · PL: (U) bakgårder (D) bakgårdene,NOUN,hage (garden),—,Home
barn (et),child,SG: (U) et barn (D) barnet · PL: (U) barn (D) barna,NOUN,unge (kid),voksen (adult),Family
barnebarn (et),grandchild,SG: (U) et barnebarn (D) barnebarnet · PL: (U) barnebarn (D) barnebarna,NOUN,—,—,Family
barnevogn (en),stroller; pram,SG: (U) en barnevogn (D) barnevognen · PL: (U) barnevogner (D) barnevognene,NOUN,—,—,Transport
båt (en),boat,SG: (U) en båt (D) båten · PL: (U) båter (D) båtene,NOUN,—,—,Transport
benk (en),bench; counter,SG: (U) en benk (D) benken · PL: (U) benker (D) benkene,NOUN,—,—,Home
bestemor (en/a),grandmother,SG: (U) en/a bestemor (D) bestemoren/a · PL: (U) bestemødre (D) bestemødrene,NOUN,mormor/farmor (grandma),—,Family
bestikk (et),cutlery,SG: (U) et bestikk (D) bestikket · PL: (U) bestikk (D) bestikkene,NOUN,—,—,Food
bestille (å),to order; to book,V2 — TE: (PR) bestiller · (PT) bestilte · (PF) har bestilt,VERB,ordinere (order),avbestille (cancel),Shopping
bestilling (en),order; booking,SG: (U) en bestilling (D) bestillingen · PL: (U) bestillinger (D) bestillingene,NOUN,ordre (order),avbestilling (cancellation),Shopping
bibliotek (et),library,SG: (U) et bibliotek (D) biblioteket · PL: (U) bibliotek (D) bibliotekene,NOUN,—,—,Places
bil (en),car,SG: (U) en bil (D) bilen · PL: (U) biler (D) bilene,NOUN,auto (car),—,Transport
bilnøkkel (en),car key,SG: (U) en bilnøkkel (D) bilnøkkelen · PL: (U) bilnøkler (D) bilnøklene,NOUN,—,—,Transport
blåse (å),to blow (wind),V2 — TE: (PR) blåser · (PT) blåste · (PF) har blåst,VERB,—,—,Weather
blokk (en/a),apartment block; block,SG: (U) en/a blokk (D) blokken/a · PL: (U) blokker (D) blokkene,NOUN,leiegård (tenement),—,Housing
bo (å),to live; reside,V1 — DDE: (PR) bor · (PT) bodde · (PF) har bodd,VERB,residere (reside),flytte (move),Housing
bolig (en),dwelling; housing,SG: (U) en bolig (D) boligen · PL: (U) boliger (D) boligene,NOUN,leilighet (apartment),—,Housing
bord (et),table,SG: (U) et bord (D) bordet · PL: (U) bord (D) bordene,NOUN,—,—,Home
borte,away; gone,—,ADVERB,"vekke (away, dialect)",her (here),Places
bro (en/a),bridge,SG: (U) en/a bro (D) broen/a · PL: (U) broer (D) broene,NOUN,—,—,Places
brød (et),bread,SG: (U) et brød (D) brødet · PL: (U) brød (D) brødene,NOUN,—,—,Food
brødskive (en/a),slice of bread,SG: (U) en/a brødskive (D) brødskiva/en · PL: (U) brødskiver (D) brødskivene,NOUN,—,—,Food
bror (en),brother,SG: (U) en bror (D) broren · PL: (U) brødre (D) brødrene,NOUN,—,—,Family
brunost (en),brown cheese (whey),SG: (U) en brunost (D) brunosten · PL: (U) brunoster (D) brunostene,NOUN,geitost (goat cheese),—,Food
brygge (en/a),wharf; pier,SG: (U) en/a brygge (D) brygga/en · PL: (U) brygger (D) bryggene,NOUN,kai (quay),—,Places
buss (en),bus,SG: (U) en buss (D) bussen · PL: (U) busser (D) bussene,NOUN,—,—,Transport
busstasjon (en),bus station,SG: (U) en busstasjon (D) busstasjonen · PL: (U) busstasjoner (D) busstasjonene,NOUN,—,—,Transport
butikk (en),shop; store,SG: (U) en butikk (D) butikken · PL: (U) butikker (D) butikkene,NOUN,forretning (store),—,Shopping
by (en),city; town,SG: (U) en by (D) byen · PL: (U) byer (D) byene,NOUN,—,—,Places
dårlige veier,bad roads (condition),—,PHRASE,glatte veier (slippery roads),gode veier (good roads),Weather
datter (en/a),daughter,SG: (U) en/a datter (D) dattera/en · PL: (U) døtre (D) døtrene,NOUN,—,sønn (son),Family
dekke bordet,set the table,—,PHRASE,—,—,Home
der borte,over there,—,PHRASE,—,her borte (over here),Places
dessert (en),dessert,SG: (U) en dessert (D) desserten · PL: (U) desserter (D) dessertene,NOUN,—,—,Food
disk (en),counter (shop),SG: (U) en disk (D) disken · PL: (U) disker (D) diskene,NOUN,skranke (counter),—,Shopping
dør (en/a),door,SG: (U) en/a dør (D) døra/en · PL: (U) dører (D) dørene,NOUN,—,—,Home
dra (å),to go; to leave; to pull,IRR: (PR) drar · (PT) dro · (PF) har dratt / dradd,VERB,reise (travel),bli (stay),Travel
drikke (å),to drink,IRR: (PR) drikker · (PT) drakk · (PF) har drukket,VERB,—,spytte (spit),Food
duk (en),tablecloth,SG: (U) en duk (D) duken · PL: (U) duker (D) dukene,NOUN,bordduk (tablecloth),—,Home
dusj (en),shower,SG: (U) en dusj (D) dusjen · PL: (U) dusjer (D) dusjene,NOUN,—,badekar (bathtub),Home
dyne (ei/en),duvet; quilt,SG: (U) ei/en dyne (D) dyna/en · PL: (U) dyner (D) dynene,NOUN,—,—,Home
egg (et),egg,SG: (U) et egg (D) egget · PL: (U) egg (D) eggene,NOUN,—,—,Food
eldresenter (et),senior center,SG: (U) et eldresenter (D) eldresenteret · PL: (U) eldresentre (D) eldresentrene,NOUN,aktivitetssenter (activity center),—,Places
enebolig (en),detached house,SG: (U) en enebolig (D) eneboligen · PL: (U) eneboliger (D) eneboligene,NOUN,hus (house),leilighet (apartment),Housing
eple (et),apple,SG: (U) et eple (D) eplet · PL: (U) epler (D) eplene,NOUN,—,—,Food
etasje (en),floor; storey,SG: (U) en etasje (D) etasjen · PL: (U) etasjer (D) etasjene,NOUN,plan (storey),kjeller (basement),Housing
familie (en),family,SG: (U) en familie (D) familien · PL: (U) familier (D) familiene,NOUN,slekt (kin),—,Family
far (en),father,SG: (U) en far (D) faren · PL: (U) fedre (D) fedrene,NOUN,pappa (dad),mor (mother),Family
ferge (en),ferry,SG: (U) en ferge (D) fergen · PL: (U) ferger (D) fergene,NOUN,båt (boat),—,Transport
fersk,fresh,(M/F) fersk · (N) ferskt · (PL) ferske,ADJECTIVE,ny (new),gammel (old/stale),Food
ferskvaredisk (en),fresh — food counter,SG: (U) en ferskvaredisk (D) ferskvaredisken · PL: (U) ferskvaredisker (D) ferskvarediskene,NOUN,—,—,Shopping
fetter (en),(male) cousin,SG: (U) en fetter (D) fetteren · PL: (U) fettere (D) fetterne,NOUN,—,kusine (female cousin),Family
fisk (en),fish,SG: (U) en fisk (D) fisken · PL: (U) fisker (D) fiskene,NOUN,—,—,Food
fly (et),plane; aircraft,SG: (U) et fly (D) flyet · PL: (U) fly (D) flyene,NOUN,flymaskin (airplane),—,Transport
flytte (å),to move (house),V1 — ET: (PR) flytter · (PT) flyttet · (PF) har flyttet,VERB,—,—,Housing
forelder (en),parent,SG: (U) en forelder (D) forelderen · PL: (U) foreldre (D) foreldrene,NOUN,—,barn (child),Family
førerkort (et),driver’s licence,SG: (U) et førerkort (D) førerkortet · PL: (U) førerkort (D) førerkortene,NOUN,—,—,Transport
forsynt,full; satisfied (with food),(M/F) forsynt · (N) forsynt · (PL) forsynte,ADJECTIVE,mett (full),sulten (hungry),Food
fortau (et),sidewalk; pavement,SG: (U) et fortau (D) fortauet · PL: (U) fortau (D) fortauene,NOUN,gangvei (footpath),—,Places
frokost (en),breakfast,SG: (U) en frokost (D) frokosten · PL: (U) frokoster (D) frokostene,NOUN,—,—,Food
fruktavdeling (en/a),fruit section (store),SG: (U) en/a fruktavdeling (D) fruktavdelinga/en · PL: (U) fruktavdelinger (D) fruktavdelingene,NOUN,—,—,Shopping
fryse (å),to freeze; to be cold,IRR: (PR) fryser · (PT) frøs · (PF) har frosset,VERB,—,tine (thaw),Weather
gate (en),street; road,SG: (U) en gate (D) gaten · PL: (U) gater (D) gatene,NOUN,vei (road),—,Places
gifte (å),to marry; get married,V1 – ET : (PR) gifter · (PT) giftet · (PF) har giftet,VERB,vie (marry),skille (separate),Family
grill (en),grill; barbecue,SG: (U) en grill (D) grillen · PL: (U) griller (D) grillene,NOUN,—,—,Food
grille (å),to grill; to barbecue,V1 – ET : (PR) griller · (PT) grillet · (PF) har grillet,VERB,steke (fry; roast),koke (boil),Food
grønnsaker (PL),vegetables,SG: (U) en grønnsak (D) grønnsaken · PL: (U) grønnsaker (D) grønnsakene,NOUN,—,—,Food
gulv (et),floor; floor surface,SG: (U) et gulv (D) gulvet · PL: (U) gulv (D) gulvene,NOUN,—,—,Home
hage (en),garden; yard,SG: (U) en hage (D) hagen · PL: (U) hager (D) hagene,NOUN,—,—,Home
hall (en),hall (building),SG: (U) en hall (D) hallen · PL: (U) haller (D) hallene,NOUN,foajé (foyer),—,Places
heis (en),elevator; lift,SG: (U) en heis (D) heisen · PL: (U) heiser (D) heisene,NOUN,—,—,Housing
hjem,home (to),—,ADVERB,—,borte (away),Home
hjemme,at home,—,ADVERB,—,ute (out),Home
hotell (et),hotel,SG: (U) et hotell (D) hotellet · PL: (U) hotell (D) hotellene,NOUN,—,—,Places
hus (et),house,SG: (U) et hus (D) huset · PL: (U) hus (D) husene,NOUN,bolig (dwelling),leilighet (apartment),Housing
husarbeid (et),housework,SG: (U) et husarbeid (D) husarbeidet · PL: (U) — (uncount),NOUN,—,fritid (free time),Home
husleie (en/a),rent (for housing),SG: (U) en/a husleie (D) husleia/en · PL: (U) husleier (D) husleiene,NOUN,leie (rent),eie (own),Housing
hytte (en/a),cabin; cottage,SG: (U) en/a hytte (D) hytta/en · PL: (U) hytter (D) hyttene,NOUN,—,—,Housing
i Norge,in Norway,—,PHRASE,—,—,Places
kafé (en),café; coffee shop,SG: (U) en kafé (D) kafeen · PL: (U) kaféer (D) kaféene,NOUN,kaffebar (coffee bar),—,Food
kaffe (en),coffee,SG: (U) en kaffe (D) kaffen · PL: (U) kaffer (D) kaffene,NOUN,—,—,Food
kake (en),cake,SG: (U) en kake (D) kaken · PL: (U) kaker (D) kakene,NOUN,—,—,Food
kald,cold;kald,(M/F) kald · (N) kaldt · (PL) kalde; comp: kaldere · sup: kaldest,ADJECTIVE,kjølig (cool),varm (warm),Weather
Kan jeg prøve den?,Can I try it on?,—,PHRASE,—,—,Shopping
kasse (en),cash desk; box,SG: (U) en kasse (D) kassen · PL: (U) kasser (D) kassene,NOUN,—,—,Shopping
ketchup (en),ketchup,SG: (U) en ketchup (D) ketchupen · PL: (U) ketchuper (D) ketchupene,NOUN,—,—,Food
kilopris (en),price per kilo,SG: (U) en kilopris (D) kiloprisen · PL: (U) kilopriser (D) kiloprisene,NOUN,—,—,Shopping
kirke (en),church,SG: (U) en kirke (D) kirken · PL: (U) kirker (D) kirkene,NOUN,—,—,Places
kjæreste (en),boyfriend; girlfriend,SG: (U) en kjæreste (D) kjæresten · PL: (U) kjærester (D) kjærestene,NOUN,partner (partner),—,Family
kjøkken (et),kitchen,SG: (U) et kjøkken (D) kjøkkenet · PL: (U) kjøkken (D) kjøkkenene,NOUN,—,—,Home
kjøleskap (et),fridge; refrigerator,SG: (U) et kjøleskap (D) kjøleskapet · PL: (U) kjøleskap (D) kjøleskapene,NOUN,—,—,Home
kjøpe (å),to buy; purchase,V2 – TE : (PR) kjøper · (PT) kjøpte · (PF) har kjøpt,VERB,handle (shop),selge (sell),Shopping
kjøpesenter (et),shopping centre; mall,SG: (U) et kjøpesenter (D) kjøpesenteret · PL: (U) kjøpesentre (D) kjøpesentrene,NOUN,—,—,Shopping
kjøre (å),to drive;køre,V2 – TE : (PR) kjører · (PT) kjørte · (PF) har kjørt,VERB,—,gå (walk),Transport
kjøtt (et),meat,SG: (U) et kjøtt (D) kjøttet · PL: (U) kjøtt (D) kjøttene,NOUN,—,—,Food
klesbutikk (en),clothes shop;klesbutikk,SG: (U) en klesbutikk (D) klesbutikken · PL: (U) klesbutikker (D) klesbutikkene,NOUN,—,—,Shopping
knekkebrød (et),crispbread,SG: (U) et knekkebrød (D) knekkebrødet · PL: (U) knekkebrød (D) knekkebrødene,NOUN,—,—,Food
koffert (en),suitcase; luggage case,SG: (U) en koffert (D) kofferten · PL: (U) kofferter (D) koffertene,NOUN,—,—,Travel
kommode (en),chest of drawers; dresser,SG: (U) en kommode (D) kommoden · PL: (U) kommoder (D) kommodene,NOUN,—,—,Home
kone (en),wife,SG: (U) en kone (D) kona/en · PL: (U) koner (D) konene,NOUN,—,mann (husband),Family
kopp (en),cup; mug,SG: (U) en kopp (D) koppen · PL: (U) kopper (D) koppene,NOUN,—,—,Home
kuldegrad (en),degree below zero,SG: (U) en kuldegrad (D) kuldegraden · PL: (U) kuldegrader (D) kuldegradene,NOUN,—,—,Weather
kusine (en),female cousin,SG: (U) en kusine (D) kusina/en · PL: (U) kusiner (D) kusinene,NOUN,—,—,Family
laks (en),salmon,SG: (U) en laks (D) laksen · PL: (U) lakser (D) laksene,NOUN,—,—,Food
lampe (en),lamp; light,SG: (U) en lampe (D) lampen/a · PL: (U) lamper (D) lampene,NOUN,—,—,Home
lastebil (en),truck; lorry,SG: (U) en lastebil (D) lastebilen · PL: (U) lastebiler (D) lastebilene,NOUN,—,—,Transport
leie (å),to rent; to hire,V2 – DE : (PR) leier · (PT) leide · (PF) har leid,VERB,leie bolig (rent housing),eie (own),Housing
leilighet (ei/en),apartment; flat,SG: (U) ei/en leilighet (D) leiligheta/en · PL: (U) leiligheter (D) leilighetene,NOUN,—,enebolig (detached house),Housing
leverpostei (en),liver pâté,SG: (U) en leverpostei (D) leverposteien · PL: (U) leverposteier (D) leverposteiene,NOUN,—,—,Food
male (å),to paint,V2 — TE: (PR) maler · (PT) malte · (PF) har malt,VERB,—,—,Home
måltid (et),meal,SG: (U) et måltid (D) måltidet · PL: (U) måltider (D) måltidene,NOUN,—,—,Food
mamma (en),mom; mum,SG: (U) en mamma (D) mammaen · PL: (U) mammaer (D) mammaene,NOUN,mor (mother),pappa (dad),Family
mat (en),food,SG: (U) en mat (D) maten · PL: (U) — (uncount),NOUN,føde (food),drikke (drink),Food
matpakke (en/a),packed lunch,SG: (U) en/a matpakke (D) matpakka/en · PL: (U) matpakker (D) matpakkene,NOUN,niste (packed meal),—,Food
melk (en/a),milk,SG: (U) en/a melk (D) melka/en · PL: (U) — (uncount),NOUN,—,vann (water),Food
meny (en),menu,SG: (U) en meny (D) menyen · PL: (U) menyer (D) menyene,NOUN,kart (menu card),—,Food
middag (en),dinner,SG: (U) en middag (D) middagen · PL: (U) middager (D) middagene,NOUN,aftens (supper),frokost (breakfast),Food
mineralvann (et),mineral water,SG: (U) et mineralvann (D) mineralvannet · PL: (U) mineralvann (D) mineralvannene,NOUN,brus (soda),—,Food
minus 10 grader,minus 10 degrees,—,PHRASE,—,pluss 10 grader,Weather
ølboks (en),beer can,SG: (U) en ølboks (D) ølboksen · PL: (U) ølbokser (D) ølboksene,NOUN,—,—,Food
oliven (en),olive,SG: (U) en oliven (D) olivenen · PL: (U) oliven (D) olivene,NOUN,—,—,Food
olivenolje (en),olive oil,SG: (U) en olivenolje (D) olivenoljen · PL: (U) — (uncount),NOUN,—,—,Food
onkel (en),uncle,SG: (U) en onkel (D) onkelen · PL: (U) onkler (D) onklene,NOUN,—,tante (aunt),Family
oppbevare (å),to store; keep,V1 — TE: (PR) oppbevarer · (PT) oppbevarte · (PF) har oppbevart,VERB,lagre (store),kaste (throw away),Home
oppskrift (en/a),recipe,SG: (U) en/a oppskrift (D) oppskrifta/en · PL: (U) oppskrifter (D) oppskriftene,NOUN,—,—,Food
oppvaskmaskin (en),dishwasher,SG: (U) en oppvaskmaskin (D) oppvaskmaskinen · PL: (U) oppvaskmaskiner (D) oppvaskmaskinene,NOUN,—,—,Home
ost (en),cheese,SG: (U) en ost (D) osten · PL: (U) oster (D) ostene,NOUN,—,—,Food
over fjellet,across the mountains,—,PHRASE,—,—,Travel
overnatte (å),to spend the night; stay overnight,V1 — ET: (PR) overnatter · (PT) overnattet · (PF) har overnattet,VERB,—,—,Travel
overskyet,cloudy (overcast),(M/F) overskyet · (N) overskyet · (PL) overskyede,ADJECTIVE,skyet (cloudy),klar (clear),Weather
ovn (en),oven; stove,SG: (U) en ovn (D) ovnen · PL: (U) ovner (D) ovnene,NOUN,komfyr (stove),—,Home
pakke (å),to pack,V1 — ET: (PR) pakker · (PT) pakket · (PF) har pakket,VERB,—,—,Travel
pålegg (et),sandwich topping; cold cuts,SG: (U) et pålegg (D) pålegget · PL: (U) pålegg (D) påleggene,NOUN,—,—,Food
pappa (en),dad,SG: (U) en pappa (D) pappaen · PL: (U) pappaer (D) pappaene,NOUN,far (father),mamma (mom),Family
parkere (å),to park,V2 — TE: (PR) parkerer · (PT) parkerte · (PF) har parkert,VERB,—,—,Transport
parkering (en/a),parking,SG: (U) en/a parkering (D) parkeringa/en · PL: (U) parkeringer (D) parkeringene,NOUN,—,—,Transport
passe (barn) (å),to mind; babysit,V1 — ET: (PR) passer · (PT) passet · (PF) har passet,VERB,barnepasse (babysit),forsømme (neglect),Family
pepper (en),pepper,SG: (U) en pepper (D) pepperen · PL: — (uncount),NOUN,—,salt (salt),Food
pizza (en),pizza,SG: (U) en pizza (D) pizzaen · PL: (U) pizzaer (D) pizzaene,NOUN,—,—,Food
pluss 25 grader,plus 25 degrees,—,PHRASE,—,minus 10 grader,Weather
pølse (en),sausage,SG: (U) en pølse (D) pølsa/en · PL: (U) pølser (D) pølsene,NOUN,—,—,Food
presskanne (en/a),French press (coffee pot),SG: (U) en/a presskanne (D) presskanna/en · PL: (U) presskanner (D) presskannene,NOUN,—,—,Food
prøverom (et),fitting room,SG: (U) et prøverom (D) prøverommet · PL: (U) prøverom (D) prøverommene,NOUN,—,—,Shopping
pusse (å),to brush; to polish,V1 — ET: (PR) pusser · (PT) pusset · (PF) har pusset,VERB,—,skitne til (soil),Home
pute (en/a),pillow; cushion,SG: (U) ei/en pute (D) puta/en · PL: (U) puter (D) putene,NOUN,—,—,Home
re (seng) (å),to make (a bed),IRR: (PR) rer · (PT) redde · (PF) har redd,VERB,re opp (make up),—,Home
regn (et),rain,SG: (U) et regn (D) regnet · PL: — (uncount),NOUN,nedbør (precipitation),sol (sun),Weather
regne (å),to rain,V1 — ET: (PR) regner · (PT) regnet · (PF) har regnet,VERB,—,—,Weather
regnvær (et),rainy weather,SG: (U) et regnvær (D) regnværet · PL: — (uncount),NOUN,—,opphold (dry spell),Weather
reise (å),to travel,V2 — TE: (PR) reiser · (PT) reiste · (PF) har reist,VERB,dra (go),bli (stay),Travel
rekkehus (et),row house; townhouse,SG: (U) et rekkehus (D) rekkehuset · PL: (U) rekkehus (D) rekkehusene,NOUN,—,enebolig (detached house),Housing
renhold (et),cleaning; maintenance,SG: (U) et renhold (D) renholdet · PL: — (uncount),NOUN,vask (cleaning),—,Home
restaurant (en),restaurant,SG: (U) en restaurant (D) restauranten · PL: (U) restauranter (D) restaurantene,NOUN,spisested (eatery),—,Places
rødbete (en/a),beetroot,SG: (U) en/a rødbete (D) rødbeta/en · PL: (U) rødbeter (D) rødbetene,NOUN,bete (beet),—,Food
rom (et),room,SG: (U) et rom (D) rommet · PL: (U) rom (D) rommene,NOUN,værelse (room),korridor (corridor),Places
rydde (å),to tidy; to clean up,V1 — ET: (PR) rydder · (PT) ryddet · (PF) har ryddet,VERB,ordne (arrange),rote (mess up),Home
saft (a/en),cordial; fruit squash (dilutable),SG: (U) ei/en saft (D) safta/en · PL: (U) safter (D) saftene,NOUN,juice (juice),—,Food
salat (en),salad,SG: (U) en salat (D) salaten · PL: (U) salater (D) salatene,NOUN,—,—,Food
salg (et),sale (discount),SG: (U) et salg (D) salget · PL: (U) salg (D) salgene,NOUN,utsalg (sale),full pris (full price),Shopping
salt (et),salt,SG: (U) et salt (D) saltet · PL: — (uncount),NOUN,—,—,Food
samboer (en),cohabiting partner,SG: (U) en samboer (D) samboeren · PL: (U) samboere (D) samboerne,NOUN,partner (partner),single (single),Family
seng (a/en),bed,SG: (U) ei/en seng (D) senga/en · PL: (U) senger (D) sengene,NOUN,—,stol (chair),Home
sengetøy (et),bed linen; bedding,SG: (U) et sengetøy (D) sengetøyet · PL: — (collective),NOUN,—,—,Home
sennep (en),mustard,SG: (U) en sennep (D) sennepen · PL: — (uncount),NOUN,—,—,Food
sentrum (et),(city) center; downtown,SG: (U) et sentrum (D) sentrumet · PL: (U) sentra/sentrum (D) sentrene/sentrumene,NOUN,bykjerne (city core),utkant (outskirts),Places
servere (å),to serve,V2 — TE: (PR) serverer · (PT) serverte · (PF) har servert,VERB,by (offer),—,Food
serviett (en),napkin,SG: (U) en serviett (D) servietten · PL: (U) servietter (D) serviettene,NOUN,—,—,Food
sitron (en),lemon,SG: (U) en sitron (D) sitronen · PL: (U) sitroner (D) sitronene,NOUN,—,—,Food
sjåfør (en),driver; chauffeur,SG: (U) en sjåfør (D) sjåføren · PL: (U) sjåfører (D) sjåførene,NOUN,fører (driver),passasjer (passenger),Transport
skap (et),cupboard; closet,SG: (U) et skap (D) skapet · PL: (U) skap (D) skapene,NOUN,skapning (cabinet),åpen hylle (open shelf),Home
skip (et),ship,SG: (U) et skip (D) skipet · PL: (U) skip (D) skipene,NOUN,båt (boat),—,Transport
skive (en),"slice (of bread, etc.)",SG: (U) en skive (D) skiven · PL: (U) skiver (D) skivene,NOUN,skjive (slice),—,Food
skinne (å),to shine,V2 — TE: (PR) skinner · (PT) skinte · (PF) har skint,VERB,lyse (shine),slukke (go out),Weather
slå seg ned (å),to settle (down),IRR: (PR) slår seg ned · (PT) slo seg ned · (PF) har slått seg ned,PHRASAL_VERB,bosette seg (settle),reise (leave),Housing
smak av honning,taste of honey,—,PHRASE,—,—,Food
smør (et),butter,SG: (U) et smør (D) smøret · PL: — (uncount),NOUN,—,—,Food
snø (å),to snow,V2 — DDE: (PR) snør · (PT) snødde · (PF) har snødd,VERB,—,—,Weather
snø (en),snow,SG: (U) en snø (D) snøen · PL: — (uncount),NOUN,—,regn (rain),Weather
ta buss,to take the bus,IRR: (PR) tar buss · (PT) tok buss · (PF) har tatt buss,PHRASE,—,kjøre (drive),Transport
tåke (a/en),fog,SG: (U) ei/en tåke (D) tåka/en · PL: (U) tåker (D) tåkene,NOUN,dis (mist),klarvær (clear weather),Weather
tallerken (en),plate,SG: (U) en tallerken (D) tallerkenen · PL: (U) tallerkener (D) tallerkenene,NOUN,—,—,Food
tante (a/en),aunt,SG: (U) ei/en tante (D) tanta/en · PL: (U) tanter (D) tantene,NOUN,—,onkel (uncle),Family
te (en),tea,SG: (U) en te (D) teen · PL: — (uncount),NOUN,—,kaffe (coffee),Food
terrasse (en),terrace; patio,SG: (U) ei/en terrasse (D) terrassa/en · PL: (U) terrasser (D) terrassene,NOUN,uteplass (outdoor area),—,Housing
til byen,to the city/town,—,PHRASE,—,—,Travel
tilbud (et),offer; special deal,SG: (U) et tilbud (D) tilbudet · PL: (U) tilbud (D) tilbudene,NOUN,rabatt (discount),full pris (full price),Shopping
tilhenger (en),trailer (vehicle),SG: (U) en tilhenger (D) tilhengeren · PL: (U) tilhengere (D) tilhengerne,NOUN,henger (trailer),trekkvogn (tractor unit),Transport
tog (et),train,SG: (U) et tog (D) toget · PL: (U) tog (D) togene,NOUN,—,buss (bus),Transport
tordne (å),to thunder,V1 — ET: (PR) tordner · (PT) tordnet · (PF) har tordnet,VERB,—,—,Weather
torg (et),market square,SG: (U) et torg (D) torget · PL: (U) torg (D) torgene,NOUN,marked (market),—,Places
trafikk (en),traffic,SG: (U) en trafikk (D) trafikken · PL: — (uncount),NOUN,—,—,Transport
traktor (en),tractor,SG: (U) en traktor (D) traktoren · PL: (U) traktorer (D) traktorene,NOUN,—,—,Transport
turist (en),tourist,SG: (U) en turist (D) turisten · PL: (U) turister (D) turistene,NOUN,besøkende (visitor),lokal (local),Travel
ute,outside; outdoors,—,ADVERB,utendørs (outdoors),inne (inside),Places
vær (et),weather,SG: (U) et vær (D) været · PL: — (mass),NOUN,—,—,Weather
være på salg,to be on sale,—,PHRASE,—,—,Shopping
være på vei,to be on the way,IRR: (PR) er på vei · (PT) var på vei · (PF) har vært på vei,PHRASE,—,—,Transport
varebil (en),van (cargo),SG: (U) en varebil (D) varebilen · PL: (U) varebiler (D) varebilene,NOUN,—,personbil (passenger car),Transport
varme (en),heat; warmth,SG: (U) en varme (D) varmen · PL: — (uncount),NOUN,hete (heat),kulde (cold),Weather
varmegrad (en),degree (above 0°C),SG: (U) en varmegrad (D) varmegraden · PL: (U) varmegrader (D) varmegradene,NOUN,temperatur (temperature),kuldegrad (below zero),Weather
vask (en),sink; washbasin,SG: (U) en vask (D) vasken · PL: (U) vasker (D) vaskene,NOUN,servant (washbasin),—,Home
vaske (å),to wash; clean,V1 — ET: (PR) vasker · (PT) vasket · (PF) har vasket,VERB,rengjøre (clean),skitne til (soil),Home
vedlikehold (et),maintenance; upkeep,SG: (U) et vedlikehold (D) vedlikeholdet · PL: — (collective),NOUN,service (servicing),forfall (deterioration),Home
vei (en),road; way,SG: (U) en vei (D) veien · PL: (U) veier (D) veiene,NOUN,veg (road),—,Transport
venteværelse (et),waiting room,SG: (U) et venteværelse (D) venteværelset · PL: (U) venteværelser (D) venteværelsene,NOUN,venterom (waiting room),—,Places
verden (en),world,SG: (U) en verden (D) verdenen · PL: (U) verdener (D) verdenene,NOUN,kloden (the globe),—,Places
vin (en),wine,SG: (U) en vin (D) vinen · PL: (U) viner (D) vinene,NOUN,—,øl (beer),Food
vind (en),wind,SG: (U) en vind (D) vinden · PL: (U) vinder (D) vindene,NOUN,—,stille (calm),Weather
vindu (et),window,SG: (U) et vindu (D) vinduet · PL: (U) vinduer (D) vinduene,NOUN,—,vegg (wall),Housing
kvittering (en),receipt,SG: (U) en kvittering (D) kvitteringen · PL: (U) kvitteringer (D) kvitteringene,NOUN,kvitteringslapp (receipt slip),—,Shopping
kvm,sq m (square metre),—,ABBREVIATION,—,—,Home
kylling (en),chicken (meat),SG: (U) en kylling (D) kyllingen · PL: (U) kyllinger (D) kyllingene,NOUN,—,storfe (beef),Food
kø (en),queue; line,SG: (U) en kø (D) køen · PL: (U) køer (D) køene,NOUN,trafikkork (traffic jam),—,Transport
