Norsk,English,Gender,Ubestemt entall,Bestemt entall,Ubestemt flertall,Bestemt flertall
et barn,child,et,et barn,barnet,barn,barna
en bok,book,en,en bok,boka/boken,bøker,bøkene
en bror,brother,en,en bror,broren,brødre,brødrene
en datter,daughter,en,en datter,dattera/datteren,døtre,døtrene
en far,father,en,en far,faren,fedre,fedrene
en forelder,parent,en,en forelder,forelderen,foreldre,foreldrene
en fødsel,birth,en,en fødsel,fødselen,fødsler,fødslene
en kraft,power / force,en,en kraft,krafta/kraften,krefter,kreftene
en kvinne,woman,en,en kvinne,kvinnen,kvinner,kvinnene
en mann,man,en,en mann,mannen,menn,mennene
et medlem,member,et,et medlem,medlemmet,medlemmer,medlemmene
en regel,rule,en,en regel,regelen,regler,reglene
et søsken,sibling,et,et søsken,søskenet,søsken,søsknene/søskena
en søster,sister,en,en søster,søstera/søsteren,søstre,søstrene
et anlegg,facility / plant,et,et anlegg,anlegget,anlegg,anleggene
et behov,need,et,et behov,behovet,behov,behovene
et bevis,proof / evidence,et,et bevis,beviset,bevis,bevisene
et dødsfall,death / death case,et,et dødsfall,dødsfallet,dødsfall,dødsfallene
et fellesskap,community / fellowship,et,et fellesskap,fellesskapet,fellesskap,fellesskapene
et fellestrekk,common feature,et,et fellestrekk,fellestrekket,fellestrekk,fellestrekkene
et forbud,ban / prohibition,et,et forbud,forbudet,forbud,forbudene
et forhold,relationship / condition,et,et forhold,forholdet,forhold,forholdene
et forslag,proposal,et,et forslag,forslaget,forslag,forslagene
et framskritt,progress / advance,et,et framskritt,framskrittet,framskritt,framskrittene/framskritta
et hjem,home,et,et hjem,hjemmet,hjem,hjemmene
et hærverk,vandalism,et,et hærverk,hærverket,hærverk,hærverkene
et hørselvern,hearing protection,et,et hørselvern,hørselvernet,hørselvern,hørselvernene
et initiativ,initiative,et,et initiativ,initiativet,initiativ,initiativene
et kjønn,gender / sex,et,et kjønn,kjønnet,kjønn,kjønnene
et kraftverk,power plant,et,et kraftverk,kraftverket,kraftverk,kraftverkene
et land,country,et,et land,landet,land,landene/landa
et liv,life,et,et liv,livet,liv,livene
et lovforslag,bill / proposed law,et,et lovforslag,lovforslaget,lovforslag,lovforslagene
et mindretall,minority,et,et mindretall,mindretallet,mindretall,mindretallene
et nettverk,network,et,et nettverk,nettverket,nettverk,nettverkene
et overgrep,abuse / violation,et,et overgrep,overgrepet,overgrep,overgrepene
et parallellsamfunn,parallel society,et,et parallellsamfunn,parallellsamfunnet,parallellsamfunn,parallellsamfunnene
et salg,sale,et,et salg,salget,salg,salgene
et samfunn,society,et,et samfunn,samfunnet,samfunn,samfunnene
et skjegg,beard,et,et skjegg,skjegget,skjegg,skjeggene
et spørsmål,question / issue,et,et spørsmål,spørsmålet,spørsmål,spørsmålene
et syn,view / sight,et,et syn,synet,syn,synene
et tilbud,offer / service,et,et tilbud,tilbudet,tilbud,tilbudene
et tiltak,measure / initiative,et,et tiltak,tiltaket,tiltak,tiltakene
et uttak,removal / extraction,et,et uttak,uttaket,uttak,uttakene
et uvær,storm / bad weather,et,et uvær,uværet,uvær,uværene
et valg,election / choice,et,et valg,valget,valg,valgene/valga
et vennskap,friendship,et,et vennskap,vennskapet,vennskap,vennskapene
et våpen,weapon,et,et våpen,våpenet,våpen,våpnene/våpena
en frihet,freedom,en,en frihet,friheten,friheter,frihetene
en myndighet,authority,en,en myndighet,myndigheten,myndigheter,myndighetene
en rettighet,right,en,en rettighet,rettigheten,rettigheter,rettighetene
en valgmulighet,choice / option,en,en valgmulighet,valgmuligheten,valgmuligheter,valgmulighetene
en alderdom,old age,en,en alderdom,alderdommen,aldre/alderdommer,aldrene/alderdommene
en dom,sentence / judgment,en,en dom,dommen,dommer,dommene
en sykdom,illness,en,en sykdom,sykdommen,sykdommer,sykdommene
en bevegelse,movement,en,en bevegelse,bevegelsen,bevegelser,bevegelsene
en etterspørsel,demand,en,en etterspørsel,etterspørselen,etterspørsler,etterspørslene
en forpliktelse,obligation,en,en forpliktelse,forpliktelsen,forpliktelser,forpliktelsene
en hendelse,event / incident,en,en hendelse,hendelsen,hendelser,hendelsene
en opplevelse,experience,en,en opplevelse,opplevelsen,opplevelser,opplevelsene
en undersøkelse,survey / investigation,en,en undersøkelse,undersøkelsen,undersøkelser,undersøkelsene
en avdeling,department / section,en,en avdeling,avdelingen,avdelinger,avdelingene
en avling,crop / harvest,en,en avling,avlingen,avlinger,avlingene
en beregning,calculation / estimate,en,en beregning,beregningen,beregninger,beregningene
en betydning,importance / meaning,en,en betydning,betydningen,betydninger,betydningene
en donasjon,donation,en,en donasjon,donasjonen,donasjoner,donasjonene
ei/en ordning,arrangement / scheme,ei/en,ei/en ordning,ordninga/ordningen,ordninger,ordningene
en erfaring,experience,en,en erfaring,erfaringen,erfaringer,erfaringene
en generasjon,generation,en,en generasjon,generasjonen,generasjoner,generasjonene
en holdning,attitude / position,en,en holdning,holdningen,holdninger,holdningene
en ting,thing,en,en ting,tingen,ting,tingene
en transplantasjon,transplant,en,en transplantasjon,transplantasjonen,transplantasjoner,transplantasjonene
en avdød,deceased person,en,en avdød,den avdøde,avdøde,de avdøde
en bekjent,acquaintance,en,en bekjent,bekjenten,bekjente,bekjentene
en deltaker,participant,en,en deltaker,deltakeren,deltakere,deltakerne
en dommer,judge,en,en dommer,dommeren,dommere,dommerne
en donor,donor,en,en donor,donoren,donorer,donorene
et mønster,pattern,et,et mønster,mønsteret,mønstre/mønster,mønstrene
en organmottaker,organ recipient,en,en organmottaker,organmottakeren,organmottakere,organmottakerne
en pårørende,relative / next of kin,en,en pårørende,den pårørende,pårørende,de pårørende
en sosionom,social worker,en,en sosionom,sosionomen,sosionomer,sosionomene
et demokrati,democracy,et,et demokrati,demokratiet,demokratier,demokratiene
et insekt,insect,et,et insekt,insektet,insekter,insektene
et lokalmiljø,local community,et,et lokalmiljø,lokalmiljøet,lokalmiljø/lokalmiljøer,lokalmiljøene
et menneske,human / person,et,et menneske,mennesket,mennesker,menneskene
et organ,organ,et,et organ,organet,organer,organene
et perspektiv,perspective,et,et perspektiv,perspektivet,perspektiver,perspektivene
et sted,place,et,et sted,stedet,steder/sted,stedene
et velferdssystem,welfare system,et,et velferdssystem,velferdssystemet,velferdssystemer,velferdssystemene
en adgang,access,en,en adgang,adgangen,adganger,adgangene
en art,species,en,en art,arten,arter,artene
en bakgrunn,background,en,en bakgrunn,bakgrunnen,bakgrunner,bakgrunnene
en byrde,burden,en,en byrde,byrden,byrder,byrdene
en død,death,en,en død,døden,dødsfall,dødsfallene
ei/en grense,border / limit,ei/en,ei/en grense,grensa/grensen,grenser,grensene
ei/en gresshoppe,grasshopper / locust,ei/en,ei/en gresshoppe,gresshoppa/gresshoppen,gresshopper,gresshoppene
ei/en jente,girl,ei/en,ei/en jente,jenta/jenten,jenter,jentene
ei/en kilde,source,ei/en,ei/en kilde,kilda/kilden,kilder,kildene
ei/en kraftkilde,energy source,ei/en,ei/en kraftkilde,kraftkilda/kraftkilden,kraftkilder,kraftkildene
ei/en vare,goods / product,ei/en,ei/en vare,vara/varen,varer,varene
en forskjell,difference,en,en forskjell,forskjellen,forskjeller,forskjellene
en fruktbarhetsrate,fertility rate,en,en fruktbarhetsrate,fruktbarhetsraten,fruktbarhetsrater,fruktbarhetsratene
en gave,gift,en,en gave,gaven,gaver,gavene
en gjenstand,object,en,en gjenstand,gjenstanden,gjenstander,gjenstandene
en hjelp,help,en,en hjelp,hjelpen,hjelp,hjelpene
en hjertestans,cardiac arrest,en,en hjertestans,hjertestansen,hjertestanser,hjertestansene
en identitet,identity,en,en identitet,identiteten,identiteter,identitetene
en kamp,fight / struggle,en,en kamp,kampen,kamper,kampene
en kampanje,campaign,en,en kampanje,kampanjen,kampanjer,kampanjene
en kjerne,core / nucleus,en,en kjerne,kjernen,kjerner,kjernene
en klasse,class,en,en klasse,klassen,klasser,klassene
en krig,war,en,en krig,krigen,kriger,krigene
en lekse,homework item,en,en lekse,leksa/leksen,lekser,leksene
en livsstil,lifestyle,en,en livsstil,livsstilen,livsstiler,livsstilene
en lov,law,en,en lov,loven,lover,lovene
en møteplass,meeting place,en,en møteplass,møteplassen,møteplasser,møteplassene
en oppgave,task,en,en oppgave,oppgaven,oppgaver,oppgavene
en politikk,policy / politics,en,en politikk,politikken,politikker,politikkene
en rektor,principal,en,en rektor,rektoren,rektorer,rektorene
en samfunnsplikt,social duty,en,en samfunnsplikt,samfunnsplikten,samfunnsplikter,samfunnspliktene
en sammenheng,connection,en,en sammenheng,sammenhengen,sammenhenger,sammenhengene
en sau,sheep,en,en sau,sauen,sauer,sauene
en signaleffekt,signal effect,en,en signaleffekt,signaleffekten,signaleffekter,signaleffektene
en sjanse,chance,en,en sjanse,sjansen,sjanser,sjansene
en tragedie,tragedy,en,en tragedie,tragedien,tragedier,tragediene
en vane,habit,en,en vane,vanen,vaner,vanene
en venteliste,waiting list,en,en venteliste,ventelista/ventelisten,ventelister,ventelistene
en ære,honor,en,en ære,æren,ærer,ærene
en øy,island,en,en øy,øya/øyen,øyer,øyene
