Norsk,English,Forms,Type,Synonyms,Antonyms
bydelsutvalg,district council,sg: (u) et bydelsutvalg; (d) bydelsutvalget; pl: (u) bydelsutvalg; (d) bydelsutvalgene,nou,organ (body) · råd (council),enkeltperson (individual) · privat aktør (private actor)
bystyre,city council,sg: (u) et bystyre; (d) bystyret; pl: (u) bystyrer; (d) bystyrene,nou,organ (body) · råd (council),enkeltperson (individual) · privat aktør (private actor)
energidepartement,Ministry of Energy,sg: (u) et energidepartement; (d) energidepartementet; pl: (u) energidepartement; (d) energidepartementene,nou,departement (ministry) · fagdepartement (sector ministry),direktorat (directorate) · kommune (municipality)
fatte vedtak,make a decision/resolution,,uttr,vedta (adopt/decide) · bestemme (decide),avvise (reject)
forbanna,"damn, furious, pissed off",(M/F) forbanna · (N) forbanna · (PL) forbanna,adj,rasende (furious) · sint (angry),rolig (calm) · blid (cheerful)
fordelt,"distributed, divided",(M/F) fordelt · (N) fordelt · (PL) fordelte,adj,delt (divided) · spredt (distributed),samlet (gathered) · konsentrert (concentrated)
forskrift,regulation,sg: (u) en forskrift; (d) forskriften; pl: (u) forskrifter; (d) forskriftene,nou,regelverk (regulations) · bestemmelse (provision),frihet fra regler (freedom from rules)
hel,"whole, entire",,adj,fullstendig (complete) · komplett (complete),delvis (partial)
helsebyråd,city health commissioner,sg: (u) en helsebyråd; (d) helsebyråden; pl: (u) helsebyråder; (d) helsebyrådene,nou,organ (body) · råd (council),enkeltperson (individual) · privat aktør (private actor)
henvise til,refer to,G2 -te : (INF) infinitiv: å henvise til; (PR) presens: henviser til; (PT) preteritum: henviste til; (PP) presens perfektum: har henvist til,vrb,vise til (refer to) · referere til (refer to),utelate (omit)
henvisning til,reference to,sg: (u) en henvisning; (d) henvisningen; pl: (u) henvisninger; (d) henvisningene,nou,referanse til (reference to) · visning til (reference to),utelatelse (omission)
innvandringspolitikk,immigration policy,sg: (u) en innvandringspolitikk; (d) innvandringspolitikken,nou,migrasjonspolitikk (migration policy) · integreringspolitikk (integration policy),utvandringspolitikk (emigration policy) · stengte grenser (closed borders)
instans,"authority, body, instance",SG: (U) en instans · (D) instansen · PL: (U) instanser · (D) instansene,nou,organ (body) · myndighet (authority),privatperson (private individual)
lovpålagt,"required by law, statutory",(M/F) lovpålagt · (N) lovpålagt · (PL) lovpålagte,adj,påbudt ved lov (required by law) · obligatorisk (mandatory),frivillig (voluntary) · valgfri (optional)
makt,"power, authority",sg: (u) en makt; (d) makten; pl: (u) makter; (d) maktene,nou,myndighet (authority) · innflytelse (influence),avmakt (powerlessness) · svakhet (weakness)
med utgangspunkt i,"based on, starting from",,uttr,Basert på (based on) · med start i noe (starting from something),uten utgangspunkt i (without starting from)
medlem,member,sg: (u) et medlem; (d) medlemmet; pl: (u) medlemmer; (d) medlemmene,nou,deltaker (participant) · medlem av gruppe (group member),utenforstående (outsider)
medvirke,"contribute, participate, be a factor",G1 -et : (INF) infinitiv: å medvirke· (PR) presens: medvirker· (PT) preteritum: medvirket· (PP) presens perfektum: har medvirket· (PSS) medvirkes· (IM) medvirk,vrb,bidra (contribute) · delta (participate),motvirke (counteract) · hindre (prevent)
mindretall,minority,sg: (u) et mindretall; (d) mindretallet; pl: (u) mindretall; (d) mindretallene,nou,minoritet (minority),flertall (majority) · majoritet (majority)
næringsdepartement,Ministry of Trade/Business,sg: (u) et næringsdepartement; (d) næringsdepartementet; pl: (u) næringsdepartement; (d) næringsdepartementene,nou,departement (ministry) · fagdepartement (sector ministry),direktorat (directorate) · kommune (municipality)
nøytral,neutral,(M/F) nøytral · (N) nøytralt · (PL) nøytrale,adj,upartisk (impartial) · ikke-partisk (non-partisan),partisk (biased) · alliert (allied)
obligatorisk,"mandatory, compulsory",(M/F) obligatorisk · (N) obligatorisk · (PL) obligatoriske,adj,påbudt (mandatory) · lovpålagt (required by law),frivillig (voluntary) · valgfri (optional)
oppslutning,"support, turnout",SG: (U) en oppslutning · (D) oppslutningen · PL: (U) oppslutninger · (D) oppslutningene,nou,Deltakelse (participation),motstand (opposition)
påkrevd,"required, mandatory",(M/F) påkrevd · (N) påkrevdt · (PL) påkrevde,adj,nødvendig (necessary) · obligatorisk (mandatory),unødvendig (unnecessary) · valgfri (optional)
pålegg,"order, injunction, imposed requirement",SG: (U) et pålegg · (D) pålegget · PL: (U) pålegg · (D) påleggene,nou,ordre (order) · krav (requirement),tillatelse (permission)
reise,travel; leave,G2 -te : (INF) infinitiv: å reise; (PR) presens: reiser; (PT) preteritum: reiste; (PP) presens perfektum: har reist,vrb,dra (go) · fare (travel),bli (stay)
rettferdig fordelt,fairly distributed,,uttr,jevnt fordelt (evenly distributed) · rimelig fordelt (fairly distributed),urettferdig fordelt (unfairly distributed) · skjevt fordelt (unevenly distributed)
selvbestemmelsesrett,right to self-determination,sg: (u) en selvbestemmelsesrett; (d) selvbestemmelsesretten,nou,valgfrihet (freedom of choice) · autonomi (autonomy),tvang (coercion) · overstyring (overruling)
selvstendig,"independent, autonomous",(M/F) selvstendig · (N) selvstendig · (PL) selvstendige,adj,uavhengig (independent) · autonom (autonomous),avhengig (dependent) · uselvstendig (dependent)
sette,"put, place, set",IRR : (INF) infinitiv: å sette; (PR) presens: setter; (PT) preteritum: satte; (PP) presens perfektum: har satt,vrb,plassere (place) · stille (put),fjerne (remove)
skjult,"hidden, concealed",(M/F) skjult · (N) skjult · (PL) skjulte,adj,hemmelig (secret) · usynlig (invisible),åpen (open) · synlig (visible)
spesiell,"special, particular, distinctive",(m/f) spesiell; (n) spesielt; (pl) spesielle,adj,særegen (distinctive) · uvanlig (unusual),vanlig (ordinary) · generell (general)
stat,state,sg: (u) en stat; (d) staten; pl: (u) stater; (d) statene,nou,land (country) · myndighetssystem (state system),statsløshet (statelessness)
statlig planbestemmelse,state planning provision,,uttr,nasjonal planregel (national planning rule),lokalt vedtak (local decision)
statssekretær,state secretary,sg: (u) en statssekretær; (d) statssekretæren; pl: (u) statssekretærer; (d) statssekretærene,nou,politisk rådgiver (political adviser) · regjeringsrepresentant (government representative),opposisjonspolitiker (opposition politician) · privatperson (private individual)
student,student,,nou,studerende (student) · kursdeltaker (course participant),lærer (teacher)
styreverv,board position,sg: (u) et styreverv; (d) styrevervet; pl: (u) styreverv; (d) styrevervene,nou,stilling (position) · rolle (role),vanlig medlemskap (ordinary membership)
ta del i,take part in,IRR : (INF) infinitiv: å ta del i · (PR) presens: tar del i · (PT) preteritum: tok del i · (PF) har tatt del i · (PSS) — · (IM) ta del i,uttr,delta i (participate in) · være med på (take part in),stå utenfor (stay outside) · la være å delta (not participate)
utbredelse,"spread, distribution, prevalence",SG: (U) en utbredelse · (D) utbredelsen · PL: (U) utbredelser · (D) utbredelsene,nou,spredning (spread) · omfang (extent),begrensning (limitation)
utsagn,"statement, assertion",sg: (u) et utsagn; (d) utsagnet; pl: (u) utsagn; (d) utsagnene,nou,påstand (claim) · uttalelse (statement),spørsmål (question) · taushet (silence)
utvalg,"selection, sample, committee",SG: (U) et utvalg · (D) utvalget · PL: (U) utvalg · (D) utvalgne,nou,seleksjon (selection) · komité (committee),helhet (whole) · alle (all)
utvikling,"development, growth, progress",sg: (u) en utvikling; (d) utviklingen; pl: utviklinger; (d) utviklingene,nou,vekst (growth) · framgang (progress),tilbakegang (decline) · stagnasjon (stagnation)
valgmulighet,"choice, option",sg: (u) en valgmulighet; (d) valgmuligheten; pl: (u) valgmuligheter; (d) valgmulighetene,nou,alternativ (alternative) · mulighet (possibility),tvang (coercion) · mangel på valg (lack of choice)
vanlig,"usual, common",(M/F) vanlig; (N) vanlig; (PL) vanlige,adj,"normal (normal) · felles (common, shared)","uvanlig (unusual) · spesiell (special, particular)"
vedtak,"decision, resolution",SG: (U) et vedtak · (D) vedtaket · PL: (U) vedtak · (D) vedtakne,nou,beslutning (decision) · avgjørelse (decision),forslag (proposal)
velge,"choose, select, elect",G2 -te : (INF) infinitiv: å velge; (PR) presens: velger; (PT) preteritum: valgte; (PP) presens perfektum: har valgt,vrb,plukke ut (pick out) · avgjøre (decide),forkaste (reject) · vrake (discard)
velge og vrake,pick and choose,,uttr,ha mange valg (have many choices) · kunne velge fritt (choose freely),mangle valg (lack choices)
velge riktig alternativ,choose the correct option,G2 -te : (INF) infinitiv: å velge riktig alternativ· (PR) presens: velger riktig alternativ· (PT) preteritum: valgte riktig alternativ· (PP) presens perfektum: har valgt riktig alternativ· (PSS) —· (IM) velg riktig alternativ,vrb,krysse av (tick) · markere (mark),velge feil (choose wrong)
vinn-vinn,win-win,,uttr,gjensidig fordel (mutual benefit) · begge tjener på det (both benefit),tap-tap (lose-lose)
likestilling,equality,sg: (u) en likestilling; (d) likestillingen,nou,likeverd (equal worth) · likebehandling (equal treatment),diskriminering (discrimination)
plikt,a duty,,nou,ansvar (responsibility) · forpliktelse (obligation),rettighet (right) · frihet (freedom)
regjering,government (cabinet),SG: (U) ei/en regjering (D) regjeringa/en; PL: (U) regjeringer (D) regjeringene,nou,stat (state) · styre (rule),opposisjon (opposition) · demokrati (democracy)
rett,"right, law, correct answer",,nou,rettighet (right) · korrekt svar (correct answer),feil (wrong)
rettighet,a right,,nou,rett (right) · krav (claim),plikt (duty) · forbud (ban)
samarbeidsforum,cooperation forum,sg: (u) et samarbeidsforum; (d) samarbeidsforumet; pl: (u) samarbeidsforum; (d) samarbeidsforumene,nou,arbeidsgruppe (working group),solospill (solo action)
uttalelse,"statement, comment, utterance",SG: (U) en uttalelse · (D) uttalelsen · PL: (U) uttalelser · (D) uttalelsene,nou,ytring (utterance) · kommentar (comment),taushet (silence) · tilbaketrekking (retraction)
bra,good,ubøyd form: bra,adj,god (good) · grei (okay),dårlig (bad)
delegasjon,"Group representing a country, party, or organization",sg: (u) en delegasjon; (d) delegasjonen; pl: (u) delegasjoner; (d) delegasjonerene,nou,utsendinger (envoys) · representanter (representatives),enkeltperson (individual)
dispensasjonsrett,right to grant exemptions,sg: (u) en dispensasjonsrett; (d) dispensasjonsretten; pl: (u) dispensasjonsretter; (d) dispensasjonsrettene,nou,unntaksmyndighet (exemption authority),strengt forbud (strict ban)
distriktsredaktør,"district editor, regional editor",sg: (u) en distriktsredaktør; (d) distriktsredaktøren; pl: (u) distriktsredaktører; (d) distriktsredaktørene,nou,regional redaktør (regional editor),sentral redaktør (central editor)
etat,"agency, public service, state sector",SG: (U) en etat · (D) etaten · PL: (U) etater · (D) etatene,nou,offentlig organ (public agency) · forvaltningsorgan (administrative body),privat aktør (private actor)
foreldreutvalg,parents’ committee,sg: (u) et foreldreutvalg; (d) foreldreutvalget; pl: (u) foreldreutvalg; (d) foreldreutvalgene,nou,foreldregruppe (parent group) · FAU (parents’ council),elevråd (student council) · ledelse (management)
forhandlingspart,Party taking part in negotiations,sg: (u) en forhandlingspart; (d) forhandlingsparten; pl: (u) forhandlingsparter; (d) forhandlingsparterene,nou,motpart (counterparty),utenforstående (outsider)
indre anliggender,internal affairs,,uttr,innenrikssaker (domestic affairs),utenrikssaker (foreign affairs)
innbygger,"inhabitant, resident",sg: (u) en innbygger; (d) innbyggeren; pl: (u) innbyggere; (d) innbyggerne,nou,beboer (resident) · borger (citizen),utlending (foreigner) · turist (tourist)
innvandring,immigration,sg: (u) en innvandring; (d) innvandringen,nou,immigrasjon (immigration) · tilflytting (in-migration),utvandring (emigration)
intensjonsavtale,letter of intent,sg: (u) en intensjonsavtale; (d) intensjonsavtalen; pl: (u) intensjonsavtaler; (d) intensjonsavtalene,nou,avtalememorandum (memorandum of agreement),bindende avtale (binding agreement)
liberalisering,liberalization,sg: (u) en liberalisering; (d) liberaliseringen; pl: (u) liberaliseringer; (d) liberaliseringene,nou,åpning (opening) · deregulering (deregulation),innstramming (tightening) · regulering (regulation)
lykke,happiness,sg: (u) en lykke; (d) lykken,nou,glede (joy) · tilfredshet (satisfaction),ulykke (misfortune)
mandat,Formal authority or assignment to do something,sg: (u) et mandat; (d) mandatet; pl: (u) mandat; (d) mandatene,nou,fullmakt (authorization) · oppdrag (assignment),manglende tillatelse (lack of permission)
mistillit,distrust,SG: (U) en mistillit · (D) mistilliten · PL: (U) mistilliter · (D) mistillitene,nou,mistenksomhet (suspicion) · skepsis (skepticism),tillit (trust)
opprør,"rebellion, revolt",SG: (U) et opprør · (D) opprøret · PL: (U) opprør · (D) opprørene,nou,organisert protest (rebellion) · uro (rebellion),lydighet (obedience) · ro (calm)
overordnet,"overall, superior, overarching",(M/F) overordnet · (N) overordnet · (PL) overordnede,adj,generell (general) · samlet (overall),underordnet (subordinate)
parlamentarisk leder,Leader of a party group in parliament,sg: (u) en parlamentarisk leder; (d) parlamentarisk lederen; pl: (u) parlamentarisk lederer; (d) parlamentarisk ledererene,nou,gruppeleder (group leader),vanlig representant (ordinary representative)
prinsippvedtak,Formal decision on a main direction or principle,sg: (u) et prinsippvedtak; (d) prinsippvedtaket; pl: (u) prinsippvedtak; (d) prinsippvedtakene,nou,hovedvedtak (main decision),detaljvedtak (detail decision)
protestbudsjett,protest budget,sg: (u) et protestbudsjett; (d) protestbudsjettet; pl: (u) protestbudsjetter; (d) protestbudsjettene,nou,markering (statement/protest),ordinært budsjett (ordinary budget)
påvirke,influence,G1 -et : (INF) infinitiv: å påvirke; (PR) presens: påvirker; (PT) preteritum: påvirket / påvirka; (PP) presens perfektum: har påvirket / påvirka,vrb,influere (influence) · virke inn på (affect),la være i fred (leave alone) · ignorere (ignore)
saksfremlegg,"case document, case presentation",sg: (u) et saksfremlegg; (d) saksfremlegget; pl: (u) saksfremlegg; (d) saksfremleggene,nou,saksdokument (case document),muntlig orientering (oral briefing)
sparke mannen i rumpa,"kick the man in the backside, push him to act",,uttr,gi et dytt (give a push) · presse til handling (push into action),la være i fred (leave alone) · oppmuntre forsiktig (encourage gently)
tiltaksplan,action plan,sg: (u) en tiltaksplan; (d) tiltaksplanen; pl: (u) tiltaksplaner; (d) tiltaksplanene,nou,handlingsplan (action plan),mangel på plan (lack of plan)
trontale,Speech presenting the government’s policy at the opening of parliament,sg: (u) en trontale; (d) trontalen; pl: (u) trontaler; (d) trontalerene,nou,åpningstale (opening speech),avslutningstale (closing speech)
verdens,world’s,,det,global (global) · internasjonal (international),lokal (local)
vold,"violence, force",SG: (U) en vold · (D) volden · PL: (U) voldsformer · (D) voldsformene,nou,voldsbruk (use of violence) · maktbruk (use of force),fred (peace) · ikkevold (non-violence)
votering,"vote, voting",sg: (u) en votering; (d) voteringen; pl: (u) voteringer; (d) voteringene,nou,avstemning (vote),konsensus uten vote (consensus without vote)
være fornøyd med,to be satisfied with,IRR : (INF) infinitiv: å være fornøyd med; (PR) presens: er fornøyd med; (PT) preteritum: var fornøyd med; (PP) presens perfektum: har vært fornøyd med,vrb,være tilfreds med (be satisfied with) · være glad for (be pleased with),være misfornøyd med (be dissatisfied with)
bistand,"aid, assistance",sg: (u) en bistand; (d) bistanden; pl: (u) bistander; (d) bistandene,nou,hjelp (help) · støtte (support),sanksjon (sanction)
brudd på avtalen,breach of the agreement,,uttr,avtalebrudd (breach of agreement),overholdelse av avtalen (compliance with the agreement)
diplomati,diplomacy,sg: (u) et diplomati; (d) diplomatiet; pl: (u) diplomatier; (d) diplomatiene,nou,forhandling (negotiation) · dialog (dialogue),militærmakt (military force)
eskalering,escalation,sg: (u) en eskalering; (d) eskaleringen; pl: (u) eskaleringer; (d) eskaleringene,nou,opptrapping (escalation),nedtrapping (de-escalation)
fiasko,"fiasco, failure",sg: (u) en fiasko; (d) fiaskoen; pl: (u) fiaskoer; (d) fiaskoene,nou,nederlag (defeat) · mislykkethet (failure),suksess (success)
forby handel med bosettinger,ban trade with settlements,,uttr,innføre handelsforbud (introduce a trade ban) · sanksjonere (sanction),tillate handel (allow trade)
forhandler,negotiator,(SG U) en forhandler · (SG D) forhandleren · (PL U) forhandlere · (PL D) forhandlerne,nou,diplomat (diplomat); utsending (envoy),motpart (opposing party); kritiker (critic)
forplikte seg til,commit oneself to,,uttr,love (promise); binde seg til (bind oneself to),trekke seg fra (withdraw from); bryte (break)
fredsavtale,peace agreement,sg: (u) en fredsavtale; (d) fredsavtalen; pl: (u) fredsavtaler; (d) fredsavtalene,nou,fredspakt (peace pact),krigserklæring (declaration of war)
fredsforhandling,peace negotiation,sg: (u) en fredsforhandling; (d) fredsforhandlingen; pl: (u) fredsforhandlinger; (d) fredsforhandlingene,nou,fredssamtale (peace talk),krigføring (warfare)
fredsmegling,peace mediation,sg: (u) en fredsmegling; (d) fredsmeglingen; pl: (u) fredsmeglinger; (d) fredsmeglingene,nou,mekling (mediation) · forhandling (negotiation),konfrontasjon (confrontation)
gjenåpne,reopen,IRR : (PR) gjenåpner · (PT) gjenåpnet · (PP) har gjenåpnet,vrb,åpne igjen (open again); sette i drift igjen (restart operation),stenge (close); blokkerе (block)
humanitær bistand,humanitarian aid,sg: (u) en humanitær bistand; (d) den humanitære bistanden; pl: (u) humanitære bistander; (d) de humanitære bistandene,nou,nødhjelp (emergency aid),blokade (blockade)
internasjonal reaksjon,international reaction,,uttr,utenlandsk reaksjon (foreign reaction),taushet (silence)
konflikt,conflict,sg: (u) en konflikt; (d) konflikten; pl: (u) konflikter; (d) konfliktene,nou,strid (conflict) · uenighet (disagreement),enighet (agreement)
militærledelse,military leadership,(SG U) en militærledelse · (SG D) militærledelsen,nou,forsvarsledelse (defence leadership); kommando (command),sivil ledelse (civilian leadership); opposisjon (opposition)
nedtrapping,"de-escalation, scaling down",sg: (u) en nedtrapping; (d) nedtrappingen; pl: (u) nedtrappinger; (d) nedtrappingene,nou,reduksjon (reduction) · avspenning (relaxation of tension),eskalering (escalation)
opphøre,"cease, end",IRR : (PR) opphører · (PT) opphørte · (PP) har opphørt,vrb,ta slutt (end); stanse (stop),fortsette (continue); trappe opp (escalate)
regimeskifte,regime change,(SG U) et regimeskifte · (SG D) regimeskiftet · (PL U) regimeskifter · (PL D) regimeskiftene,nou,maktendring (change of power); systemskifte (system change),status quo (status quo); kontinuitet (continuity)
resolusjon,resolution,sg: (u) en resolusjon; (d) resolusjonen; pl: (u) resolusjoner; (d) resolusjonene,nou,vedtak (decision) · erklæring (declaration),avslag (rejection)
sanksjon,sanction,sg: (u) en sanksjon; (d) sanksjonen; pl: (u) sanksjoner; (d) sanksjonene,nou,straffetiltak (punitive measure),lettelse (relief) · oppheving (lifting)
sikkerhetsråd,Security Council,sg: (u) et sikkerhetsråd; (d) sikkerhetsrådet; pl: (u) sikkerhetsråd; (d) sikkerhetsrådene,nou,FNs sikkerhetsråd (UN Security Council),enkeltperson (individual) · privat aktør (private actor)
skipstrafikk,"ship traffic, shipping traffic",(SG U) en skipstrafikk · (SG D) skipstrafikken,nou,sjøtrafikk (sea traffic); frakttrafikk (freight traffic),blokade (blockade); stans (halt)
statsministerskifte,change of prime minister,sg: (u) et statsministerskifte; (d) statsministerskiftet; pl: (u) statsministerskifter; (d) statsministerskiftene,nou,regjeringsskifte (change of government) · maktskifte (transfer of power),stabil regjering (stable government)
uenighet,disagreement,sg: (u) en uenighet; (d) uenigheten; pl: (u) uenigheter; (d) uenighetene,nou,konflikt (conflict) · motsetning (opposition),enighet (agreement)
undergrave,undermine,IRR : (PR) undergraver · (PT) undergravde · (PP) har undergravd,vrb,svekke (weaken) · sabotere (sabotage),styrke (strengthen); støtte (support)
utenrikspolitikk,foreign policy,sg: (u) en utenrikspolitikk; (d) utenrikspolitikken; pl: (u) utenrikspolitikker; (d) utenrikspolitikkene,nou,internasjonal politikk (international politics),innenrikspolitikk (domestic policy)
våpenhvile,ceasefire,sg: (u) en våpenhvile; (d) våpenhvilen; pl: (u) våpenhviler; (d) våpenhvilene,nou,kampstans (halt in fighting),offensiv (offensive)
hoff,"court, royal household",sg: (u) et hoff; (d) hoffet; pl: (u) hoff; (d) hoffene,nou,Det kongelige hoff (Royal Court),departement (ministry)
kongehus,royal house,sg: (u) et kongehus; (d) kongehuset; pl: (u) kongehus; (d) kongehusene,nou,kongefamilie (royal family),republikk (republic)
kongelig,royal,(M/F) kongelig · (N) kongelig · (PL) kongelige,adj,monarkisk (monarchical),republikansk (republican)
kronprins,crown prince,sg: (u) en kronprins; (d) kronprinsen; pl: (u) kronprinser; (d) kronprinsene,nou,tronfølger (heir to the throne),konge (king)
kronprinsesse,crown princess,sg: (u) en kronprinsesse; (d) kronprinsessen; pl: (u) kronprinsesser; (d) kronprinsessene,nou,tronfølger (heir to the throne),dronning (queen)
offisiell kalender,official calendar,sg: (u) en offisiell kalender; (d) den offisielle kalenderen; pl: (u) offisielle kalendere; (d) de offisielle kalenderne,nou,program (schedule),privat kalender (private calendar)
offisielt oppdrag,official duty,sg: (u) et offisielt oppdrag; (d) det offisielle oppdraget; pl: (u) offisielle oppdrag; (d) de offisielle oppdragene,nou,representasjonsoppdrag (representational duty),privat besøk (private visit)
prins,prince,sg: (u) en prins; (d) prinsen; pl: (u) prinser; (d) prinsene,nou,kongelig (royal),privatperson (private person)
prinsesse,princess,sg: (u) en prinsesse; (d) prinsessen; pl: (u) prinsesser; (d) prinsessene,nou,kongelig (royal),privatperson (private person)
på vegne av,on behalf of,,uttr,for (for) · som representant for (as representative of),på egne vegne (on one’s own behalf)
representere,represent,G2 -te : (INF) infinitiv: å representere; (PR) presens: representerer; (PT) preteritum: representerte; (PP) presens perfektum: har representert,vrb,opptre på vegne av (act on behalf of),tale bare for seg selv (speak only for oneself)
Slottet,the Royal Palace,egennavn: Slottet,nou,Det kongelige hoff (Royal Court),regjeringskontor (government office)
ta turen,make the trip,,uttr,dra (go) · reise (travel),bli hjemme (stay home)
tribune,"stand, grandstand",sg: (u) en tribune; (d) tribunen; pl: (u) tribuner; (d) tribunene,nou,publikumsplass (audience area),bane (field/pitch)
trone,throne,sg: (u) en trone; (d) tronen; pl: (u) troner; (d) tronene,nou,monarki (monarchy),republikk (republic)
tronfølger,heir to the throne,sg: (u) en tronfølger; (d) tronfølgeren; pl: (u) tronfølgere; (d) tronfølgerne,nou,arving (heir),sittende monark (reigning monarch)
statsråd,government minister,sg: (u) en statsråd; (d) statsråden; pl: (u) statsråder; (d) statsråderene,nou,minister (minister),enkeltperson (individual) · privat aktør (private actor)
departement,ministry,sg: (u) et departement; (d) departementet; pl: (u) departement; (d) departementene,nou,ministerium (ministry),direktorat (directorate) · kommune (municipality)
direktorat,"directorate, government agency",sg: (u) et direktorat; (d) direktoratet; pl: (u) direktorater; (d) direktoraterene,nou,etat (agency),departement (ministry)
statsbudsjett,state budget,sg: (u) et statsbudsjett; (d) statsbudsjettet; pl: (u) statsbudsjetter; (d) statsbudsjetterene,nou,statsbudsjett (state budget) · økonomiplan (financial plan),budsjettsprekk (budget overrun) · underskudd (deficit)
budsjettenighet,budget agreement,sg: (u) en budsjettenighet; (d) budsjettenigheten; pl: (u) budsjettenigheter; (d) budsjettenigheterene,nou,budsjettforlik (budget settlement) · budsjettavtale (budget agreement),budsjettstrid (budget conflict)
høringsrunde,consultation round,sg: (u) en høringsrunde; (d) høringsrunden; pl: (u) høringsrundeer; (d) høringsrundeerene,nou,prosess (process) · omgang (round),lukket behandling (closed processing)
høringsfrist,consultation deadline,sg: (u) en høringsfrist; (d) høringsfristen; pl: (u) høringsfrister; (d) høringsfristerene,nou,tidsfrist (deadline) · frist (deadline),fristoversittelse (missed deadline)
innstilling,"recommendation, committee report",sg: (u) en innstilling; (d) innstillingen; pl: (u) innstillinger; (d) innstillingerene,nou,anbefaling (recommendation),avslag (rejection)
proposisjon,government bill,sg: (u) en proposisjon; (d) proposisjonen; pl: (u) proposisjoner; (d) proposisjonerene,nou,lovforslag (bill),tilbaketrekking (withdrawal)
komitébehandling,committee hearing/process,sg: (u) en komitébehandling; (d) komitébehandlingen; pl: (u) komitébehandlinger; (d) komitébehandlingerene,nou,terapi (therapy) · tiltak (measure),manglende behandling (lack of treatment) · avslag (rejection)
lovforslag,"bill, proposed law",sg: (u) et lovforslag; (d) lovforslaget; pl: (u) lovforslager; (d) lovforslagerene,nou,utkast (draft) · initiativ (proposal/initiative),avslag (rejection) · tilbaketrekking (withdrawal)
lovendring,legal amendment,sg: (u) en lovendring; (d) lovendringen; pl: (u) lovendringer; (d) lovendringerene,nou,justering (adjustment) · reform (reform),status quo (status quo) · uendret tilstand (unchanged state)
rundskriv,circular,sg: (u) et rundskriv; (d) rundskrivet; pl: (u) rundskriver; (d) rundskriverene,nou,veiledning (guidance),muntlig beskjed (oral message)
tillitserklæring,vote/expression of confidence,sg: (u) en tillitserklæring; (d) tillitserklæringen; pl: (u) tillitserklæringer; (d) tillitserklæringerene,nou,støtteerklæring (statement of support) · tillitsvotum (vote of confidence),mistillit (no confidence)
toppmøte,summit,sg: (u) et toppmøte; (d) toppmøtet; pl: (u) toppmøteer; (d) toppmøteerene,nou,summit (summit) · ledermøte (leaders’ meeting),lokalmøte (local meeting) · lavnivåmøte (low-level meeting)
utsending,"envoy, representative",sg: (u) en utsending; (d) utsendingen; pl: (u) utsendinger; (d) utsendingerene,nou,representant (representative),mottaker (recipient)
våpenhvileavtale,ceasefire agreement,sg: (u) en våpenhvileavtale; (d) våpenhvileavtalen; pl: (u) våpenhvileavtaleer; (d) våpenhvileavtaleerene,nou,overenskomst (agreement) · pakt (pact),brudd (breach) · uenighet (disagreement)
grensekontroll,border control,sg: (u) en grensekontroll; (d) grensekontrollen; pl: (u) grensekontroller; (d) grensekontrollerene,nou,tilsyn (supervision) · sjekk (check),manglende kontroll (lack of control) · fri flyt (free flow)
sanksjonspakke,sanctions package,sg: (u) en sanksjonspakke; (d) sanksjonspakken; pl: (u) sanksjonspakkeer; (d) sanksjonspakkeerene,nou,sanksjonstiltak (sanctions package) · restriktive tiltak (restrictive measures),lettelse (relief/easing) · sanksjonslettelse (sanctions relief)
bistandsmiddel,aid funds,sg: (u) et bistandsmiddel; (d) bistandsmiddelet; pl: (u) bistandsmiddeler; (d) bistandsmiddelerene,nou,bistandspenger (aid funds) · støttemidler (support funds),krigsmiddel (war means)
sikkerhetsgaranti,security guarantee,sg: (u) en sikkerhetsgaranti; (d) sikkerhetsgarantien; pl: (u) sikkerhetsgarantier; (d) sikkerhetsgarantierene,nou,trygghetsgaranti (security guarantee) · forsikring (assurance),usikkerhet (uncertainty) · risiko (risk)
allianse,alliance,sg: (u) en allianse; (d) alliansen; pl: (u) allianseer; (d) allianseerene,nou,samarbeid (cooperation),fiendskap (hostility) · brudd (break)
motpart,"counterpart, opposing side",sg: (u) en motpart; (d) motparten; pl: (u) motparter; (d) motparterene,nou,motstander (opponent) · den andre parten (the other party),medpart (co-party) · alliert (ally)
observatør,observer,sg: (u) en observatør; (d) observatøren; pl: (u) observatører; (d) observatørerene,nou,iakttaker (observer),deltaker (participant)
avtaletekst,agreement text,sg: (u) en avtaletekst; (d) avtaleteksten; pl: (u) avtaletekster; (d) avtaleteksterene,nou,overenskomst (agreement) · pakt (pact),brudd (breach) · uenighet (disagreement)
stortingsgruppe,parliamentary group,sg: (u) en stortingsgruppe; (d) stortingsgruppen; pl: (u) stortingsgruppeer; (d) stortingsgruppeerene,nou,partigruppe (parliamentary party group) · representantgruppe (group of MPs),enkeltrepresentant (individual representative)
partileder,party leader,sg: (u) en partileder; (d) partilederen; pl: (u) partiledere; (d) partilederene,nou,leder (leader) · partisjef (party leader),underordnet (subordinate) · medarbeider (employee)
partiprogram,party platform,sg: (u) et partiprogram; (d) partiprogramet; pl: (u) partiprogramer; (d) partiprogramerene,nou,sending (broadcast) · program (program),programstans (program halt) · avlysning (cancellation)
regjeringsplattform,government platform,sg: (u) en regjeringsplattform; (d) regjeringsplattformen; pl: (u) regjeringsplattformer; (d) regjeringsplattformerene,nou,politisk plattform (political platform) · styringsgrunnlag (governing basis),opposisjonspolitikk (opposition policy)
stortingsmelding,white paper to parliament,sg: (u) en stortingsmelding; (d) stortingsmeldingen; pl: (u) stortingsmeldinger; (d) stortingsmeldingerene,nou,rapport (report) · dokument (document),privat brev (private letter)
interpellasjon,interpellation,sg: (u) en interpellasjon; (d) interpellasjonen; pl: (u) interpellasjoner; (d) interpellasjonerene,nou,spørsmål (question) · politisk forespørsel (political inquiry),taushet (silence) · manglende spørsmål (lack of question)
