Norsk,English,Infinitiv,Presens,Preteritum,Presens perfektum
å advare mot,warn against,å advare mot,advarer mot,advarte mot,har advart mot
å avgjøre,decide / determine,å avgjøre,avgjør,avgjorde,har avgjort
å avhenge av,depend on,å avhenge av,avhenger av,avhang av,har avhengt av
å avskaffe,abolish,å avskaffe,avskaffer,avskaffet,har avskaffet
å avsløre,reveal,å avsløre,avslører,avslørte,har avslørt
å befinne seg,be located / find oneself,å befinne seg,befinner seg,befant seg,har befunnet seg
å benytte seg av,make use of / use,å benytte seg av,benytter seg av,benyttet seg av,har benyttet seg av
å bidra til,contribute to,å bidra til,bidrar til,bidro til,har bidratt til
å bli tatt vare på,be taken care of,å bli tatt vare på,blir tatt vare på,ble tatt vare på,har blitt tatt vare på
å by på,offer / contain,å by på,byr på,bød/bydde på,har budt/bydd på
å definere seg som,define oneself as,å definere seg som,definerer seg som,definerte seg som,har definert seg som
å dele inn,divide into,å dele inn,deler inn,delte inn,har delt inn
å dreie seg om,be about,å dreie seg om,dreier seg om,dreide seg om,har dreid seg om
å engasjere seg,get involved,å engasjere seg,engasjerer seg,engasjerte seg,har engasjert seg
å flagge for,signal / support openly,å flagge for,flagger for,flagget for,har flagget for
å forby,forbid,å forby,forbyr,forbød,har forbudt
å fordømme,condemn,å fordømme,fordømmer,fordømte,har fordømt
å forebygge,prevent,å forebygge,forebygger,forebygde/forebygget,har forebygd/forebygget
å foregå,take place,å foregå,foregår,foregikk,har foregått
å foreslå,suggest / propose,å foreslå,foreslår,foreslo,har foreslått
å forfølge,persecute / pursue,å forfølge,forfølger,forfulgte,har forfulgt
å forgå,perish / decay,å forgå,forgår,forgikk,har forgått
å forhandle,negotiate,å forhandle,forhandler,forhandlet,har forhandlet
å forholde seg til,relate to / deal with,å forholde seg til,forholder seg til,forholdt seg til,har forholdt seg til
å forklare,explain,å forklare,forklarer,forklarte,har forklart
å forlate,leave,å forlate,forlater,forlot,har forlatt
å forsvinne,disappear,å forsvinne,forsvinner,forsvant,har forsvunnet
å fortelle,tell,å fortelle,forteller,fortalte,har fortalt
å forvandle seg,transform oneself,å forvandle seg,forvandler seg,forvandlet seg,har forvandlet seg
å forvente,expect,å forvente,forventer,forventet,har forventet
å få til,manage / achieve,å få til,får til,fikk til,har fått til
å føle seg,feel,å føle seg,føler seg,følte seg,har følt seg
å føre til,lead to,å føre til,fører til,førte til,har ført til
å gripe inn,intervene,å gripe inn,griper inn,grep inn,har grepet inn
å gå av med pensjon,retire,å gå av med pensjon,går av med pensjon,gikk av med pensjon,har gått av med pensjon
å gå glipp av,miss out on,å gå glipp av,går glipp av,gikk glipp av,har gått glipp av
å gå opp for,dawn on / realize,å gå opp for noen,går opp for,gikk opp for,har gått opp for
å gå ut på,be about / consist of,å gå ut på,går ut på,gikk ut på,har gått ut på
å ha innflytelse på,have influence on,å ha innflytelse på,har innflytelse på,hadde innflytelse på,har hatt innflytelse på
å handle om,be about,å handle om,handler om,handlet om,har handlet om
å huske på,remember,å huske på,husker på,husket på,har husket på
å innebære,involve / mean,å innebære,innebærer,innebar,har innebåret
å inngå,enter into / be included,å inngå,inngår,inngikk,har inngått
å invadere,invade,å invadere,invaderer,invaderte,har invadert
å ivareta,safeguard / look after,å ivareta,ivaretar,ivaretok,har ivaretatt
å kjenne til,know of / be aware of,å kjenne til,kjenner til,kjente til,har kjent til
å komme til å,be going to / will,å komme til å,kommer til å,kom til å,har kommet til å
å konsentrere seg,concentrate,å konsentrere seg,konsentrerer seg,konsentrerte seg,har konsentrert seg
å legge vekt på,emphasize,å legge vekt på,legger vekt på,la vekt på,har lagt vekt på
å lønne seg,pay off / be worthwhile,å lønne seg,lønner seg,lønnet/lønte seg,har lønnet/lønt seg
å medføre,entail / lead to,å medføre,medfører,medførte,har medført
å motivere,motivate,å motivere,motiverer,motiverte,har motivert
å motta,receive,å motta,mottar,mottok,har mottatt
å omfatte,include / comprise,å omfatte,omfatter,omfattet,har omfattet
å omtale,mention / describe,å omtale,omtaler,omtalte,har omtalt
å oppføre seg,behave,å oppføre seg,oppfører seg,oppførte seg,har oppført seg
å påby,order / require,å påby,påbyr,påbød,har påbudt
å påta seg,take on,å påta seg,påtar seg,påtok seg,har påtatt seg
å påvirke,influence / affect,å påvirke,påvirker,påvirket,har påvirket
å realisere seg,realize oneself,å realisere seg,realiserer seg,realiserte seg,har realisert seg
å sette pris på,appreciate,å sette pris på,setter pris på,satte pris på,har satt pris på
å sette seg selv til side,put oneself aside,å sette seg selv til side,setter seg selv til side,satte seg selv til side,har satt seg selv til side
å slåss mot,fight against,å slåss mot,slåss mot,sloss mot,har slåss mot
å stille seg positivt til,be positive toward,å stille seg positivt til,stiller seg positivt til,stilte seg positivt til,har stilt seg positivt til
å strekke til,be enough / suffice,å strekke til,strekker til,strakk til,har strukket til
å ta imot,receive / accept,å ta imot,tar imot,tok imot,har tatt imot
å ta initiativ til,take initiative to,å ta initiativ til,tar initiativ til,tok initiativ til,har tatt initiativ til
å ta stilling til,take a position on,å ta stilling til,tar stilling til,tok stilling til,har tatt stilling til
å ta vare på,take care of,å ta vare på,tar vare på,tok vare på,har tatt vare på
å tillate,allow,å tillate,tillater,tillot,har tillatt
å tilpasse seg,adapt,å tilpasse seg,tilpasser seg,tilpasset seg,har tilpasset seg
å vie oppmerksomhet til,devote attention to,å vie,vier,viet,har viet
å oppstå,arise / occur,å oppstå,oppstår,oppsto/oppstod,har oppstått
å overta,take over,å overta,overtar,overtok,har overtatt
å utgi,publish,å utgi,utgir,utga/utgav,har utgitt
å anta,assume,å anta,antar,antok,har antatt
å bestå,pass / consist of,å bestå,består,besto/bestod,har bestått
å bli,become / be,å bli,blir,ble,har blitt
å bryte,break / violate,å bryte,bryter,brøt,har brutt
å bryte ut,break out,å bryte ut,bryter ut,brøt ut,har brutt ut
å delta,participate,å delta,deltar,deltok,har deltatt
å dø,die,å dø,dør,døde,har dødd
å erstatte,replace / compensate,å erstatte,erstatter,erstattet,har erstattet
å finne,find,å finne,finner,fant,har funnet
å få,get / receive,å få,får,fikk,har fått
å gi,give,å gi,gir,ga/gav,har gitt
å gi ut,publish / issue,å gi ut,gir ut,ga ut,har gitt ut
å gjelde,concern / apply,å gjelde,gjelder,gjaldt,har gjeldt
å gå,go,å gå,går,gikk,har gått
å ha,have,å ha,har,hadde,har hatt
å hjelpe,help,å hjelpe,hjelper,hjalp,har hjulpet
å legge,lay / put,å legge,legger,la,har lagt
å nedlegge,close down,å nedlegge,nedlegger,nedla,har nedlagt
å nedlegges,be closed down,å nedlegges,nedlegges,ble nedlagt,har blitt nedlagt
å nyte,enjoy,å nyte,nyter,nøt,har nytt
å overgi,surrender / hand over,å overgi,overgir,overga,har overgitt
å se,see,å se,ser,så,har sett
å skje,happen,å skje,skjer,skjedde,har skjedd
å slippe,let go / avoid / be allowed,å slippe,slipper,slapp,har sluppet
å stå,stand,å stå,står,sto,har stått
å ta,take,å ta,tar,tok,har tatt
å transplantere,transplant,å transplantere,transplanterer,transplanterte,har transplantert
å trekke,pull / draw,å trekke,trekker,trakk,har trukket
å være,be,å være,er,var,har vært
å ødelegge,destroy,å ødelegge,ødelegger,ødela,har ødelagt
å beskytte,protect,å beskytte,beskytter,beskyttet,har beskyttet
å dempe,reduce / dampen,å dempe,demper,dempet,har dempet
å drøfte,discuss,å drøfte,drøfter,drøftet,har drøftet
å fjerne,remove,å fjerne,fjerner,fjernet,har fjernet
å fremme,promote / advance,å fremme,fremmer,fremmet,har fremmet
å jobbe,work,å jobbe,jobber,jobbet/jobba,har jobbet/jobba
å nekte,refuse,å nekte,nekter,nektet,har nektet
å oppfatte,perceive,å oppfatte,oppfatter,oppfattet,har oppfattet
å oppheve,repeal / cancel,å oppheve,opphever,opphevet,har opphevet
å oppmuntre,encourage,å oppmuntre,oppmuntrer,oppmuntret,har oppmuntret
å si,say,å si,sier,sa,har sagt
å sikre,secure / ensure,å sikre,sikrer,sikret,har sikret
å skaffe,obtain / get,å skaffe,skaffer,skaffet,har skaffet
å styrke,strengthen,å styrke,styrker,styrket,har styrket
å svekke,weaken,å svekke,svekker,svekket,har svekket
å tolke,interpret,å tolke,tolker,tolket,har tolket
å utrydde,exterminate / make extinct,å utrydde,utrydder,utryddet,har utryddet
å ane,have any idea / suspect,å ane,aner,ante,har ant
å argumentere,argue,å argumentere,argumenterer,argumenterte,har argumentert
å beholde,keep,å beholde,beholder,beholdt,har beholdt
å betale,pay,å betale,betaler,betalte,har betalt
å bidra,contribute,å bidra,bidrar,bidro,har bidratt
å binde sammen,bind together,å binde sammen,binder sammen,bandt sammen,har bundet sammen
å brenne,burn,å brenne,brenner,brant/brente,har brent
å bruke,use,å bruke,bruker,brukte,har brukt
å dele ut,distribute,å dele ut,deler ut,delte ut,har delt ut
å dukke opp,appear / turn up,å dukke opp,dukker opp,dukket opp,har dukket opp
å dømme,judge / sentence,å dømme,dømmer,dømte,har dømt
å erklære,declare,å erklære,erklærer,erklærte,har erklært
å etterspørre,demand / ask for,å etterspørre,etterspør,etterspurte,har etterspurt
å fastsette,determine / set,å fastsette,fastsetter,fastsatte,har fastsatt
å finansiere,finance,å finansiere,finansierer,finansierte,har finansiert
å føde,give birth,å føde,føder,fødte,har født
å godkjenne,approve,å godkjenne,godkjenner,godkjente,har godkjent
å henge sammen,be connected,å henge sammen,henger sammen,hang sammen,har hengt sammen
å holde,hold / keep,å holde,holder,holdt,har holdt
å jevne ut,even out,å jevne ut,jevner ut,jevnet ut,har jevnet ut
å kjøpe,buy,å kjøpe,kjøper,kjøpte,har kjøpt
å lese,read,å lese,leser,leste,har lest
å lykkes,succeed,å lykkes,lykkes,lyktes/lykkedes,har lyktes/lykkes
å mene,mean / think,å mene,mener,mente,har ment
å møte,meet,å møte,møter,møtte,har møtt
å oppfylle,fulfill,å oppfylle,oppfyller,oppfylte,har oppfylt
å opplyse,inform / enlighten,å opplyse,opplyser,opplyste,har opplyst
å opprettholde,maintain,å opprettholde,opprettholder,opprettholdt,har opprettholdt
å overdrive,exaggerate,å overdrive,overdriver,overdrev,har overdrevet
å overholde,comply with / observe,å overholde,overholder,overholdt,har overholdt
å overlate,leave to / hand over,å overlate,overlater,overlot,har overlatt
å oversette,translate,å oversette,oversetter,oversatte,har oversatt
å produsere,produce,å produsere,produserer,produserte,har produsert
å redusere,reduce,å redusere,reduserer,reduserte,har redusert
å representere,represent,å representere,representerer,representerte,har representert
å ruste ned,disarm,å ruste ned,ruster ned,rustet ned,har rustet ned
å sanksjonere,sanction,å sanksjonere,sanksjonerer,sanksjonerte,har sanksjonert
å selge,sell,å selge,selger,solgte,har solgt
å skape,create,å skape,skaper,skapte,har skapt
å skille,separate / distinguish,å skille,skiller,skilte,har skilt
å skrive,write,å skrive,skriver,skrev,har skrevet
å slå,hit / strike / occur to,å slå,slår,slo,har slått
å spille,play,å spille,spiller,spilte,har spilt
å sprenge,blow up / burst,å sprenge,sprenger,sprengte,har sprengt
å sprenge rammene,break the limits,å sprenge,sprenger,sprengte,har sprengt
å starte opp,start up,å starte opp,starter opp,startet opp,har startet opp
å stemme,vote,å stemme,stemmer,stemte,har stemt
å stille opp,show up / volunteer,å stille opp,stiller opp,stilte opp,har stilt opp
å søke,apply / search,å søke,søker,søkte,har søkt
å tjene,earn,å tjene,tjener,tjente,har tjent
å trives,thrive / enjoy oneself,å trives,trives,trivdes,har trivdes
å utsette,postpone / expose,å utsette,utsetter,utsatte,har utsatt
å utvinne,extract,å utvinne,utvinner,utvant,har utvunnet
å velge,choose,å velge,velger,valgte,har valgt
å velge bort,choose not to / opt out,å velge bort,velger bort,valgte bort,har valgt bort
å vokse opp,grow up,å vokse opp,vokser opp,vokste opp,har vokst opp
å vurdere,assess / consider,å vurdere,vurderer,vurderte,har vurdert
å øke,increase,å øke,øker,økte,har økt
å frigjøre,liberate,å frigjøre,frigjør,frigjorde,har frigjort
å gjøre,do / make,å gjøre,gjør,gjorde,har gjort
å greie,manage,å greie,greier,greide,har greid
å leve,live,å leve,lever,levde,har levd
å oppleve,experience,å oppleve,opplever,opplevde,har opplevd
å oppnå,achieve,å oppnå,oppnår,oppnådde,har oppnådd
å overleve,survive,å overleve,overlever,overlevde,har overlevd
